,timeCode,blendShapes.EyeBlinkLeft,blendShapes.EyeLookDownLeft,blendShapes.EyeLookInLeft,blendShapes.EyeLookOutLeft,blendShapes.EyeLookUpLeft,blendShapes.EyeSquintLeft,blendShapes.EyeWideLeft,blendShapes.EyeBlinkRight,blendShapes.EyeLookDownRight,blendShapes.EyeLookInRight,blendShapes.EyeLookOutRight,blendShapes.EyeLookUpRight,blendShapes.EyeSquintRight,blendShapes.EyeWideRight,blendShapes.JawForward,blendShapes.JawLeft,blendShapes.JawRight,blendShapes.JawOpen,blendShapes.MouthClose,blendShapes.MouthFunnel,blendShapes.MouthPucker,blendShapes.MouthLeft,blendShapes.MouthRight,blendShapes.MouthSmileLeft,blendShapes.MouthSmileRight,blendShapes.MouthFrownLeft,blendShapes.MouthFrownRight,blendShapes.MouthDimpleLeft,blendShapes.MouthDimpleRight,blendShapes.MouthStretchLeft,blendShapes.MouthStretchRight,blendShapes.MouthRollLower,blendShapes.MouthRollUpper,blendShapes.MouthShrugLower,blendShapes.MouthShrugUpper,blendShapes.MouthPressLeft,blendShapes.MouthPressRight,blendShapes.MouthLowerDownLeft,blendShapes.MouthLowerDownRight,blendShapes.MouthUpperUpLeft,blendShapes.MouthUpperUpRight,blendShapes.BrowDownLeft,blendShapes.BrowDownRight,blendShapes.BrowInnerUp,blendShapes.BrowOuterUpLeft,blendShapes.BrowOuterUpRight,blendShapes.CheekPuff,blendShapes.CheekSquintLeft,blendShapes.CheekSquintRight,blendShapes.NoseSneerLeft,blendShapes.NoseSneerRight,blendShapes.TongueOut,blendShapes.HeadRoll,blendShapes.HeadPitch,blendShapes.HeadYaw,blendShapes.TongueTipUp,blendShapes.TongueTipDown,blendShapes.TongueTipLeft,blendShapes.TongueTipRight,blendShapes.TongueRollUp,blendShapes.TongueRollDown,blendShapes.TongueRollLeft,blendShapes.TongueRollRight,blendShapes.TongueUp,blendShapes.TongueDown,blendShapes.TongueLeft,blendShapes.TongueRight,blendShapes.TongueIn,blendShapes.TongueStretch,blendShapes.TongueWide,blendShapes.TongueNarrow
0,0.0,0.01350434310734272,0.0,0.0,0.0,0.0,0.0,0.00046338909305632114,0.014338690787553787,0.0,0.0,0.0,0.0,0.0,0.0,0.0,0.0,0.02694740891456604,0.10165312886238098,0.0,0.0,0.02972906455397606,0.0038579439278692007,0.002356893615797162,0.09871810674667358,0.11412940174341202,0.0,0.0075568160973489285,0.12427263706922531,0.13296422362327576,0.0040634931065142155,0.00514878099784255,0.0,0.013143675401806831,0.397026926279068,0.026563895866274834,0.002977697877213359,0.0,0.0,0.0012168468674644828,0.002230430953204632,0.0,0.06890949606895447,0.07319558411836624,0.0,0.010554107837378979,0.0,0.0,0.0,0.0,0.0026138874236494303,0.0,0.0,0.0,0.0,0.0,0.0,0.0,0.0,0.0,0.0,0.0021345335990190506,0.0,0.0,0.011901497840881348,0.20000000298023224,0.0,0.0006086855428293347,0.0,0.012135599739849567,0.03977520391345024,0.055943116545677185
1,0.03333333333333333,0.03300706669688225,0.0,0.0,0.0,0.0,0.0,0.0004986124113202095,0.033637773245573044,0.0,0.0,0.0,0.0,0.0,0.0,0.0,0.0,0.02796502411365509,0.0936582013964653,0.0,0.0,0.005506313871592283,0.004865875001996756,0.002333297161385417,0.1042448878288269,0.11830712854862213,0.0,0.007605193182826042,0.10432402044534683,0.11254709213972092,0.004170531406998634,0.005233778152614832,0.0,0.01940339058637619,0.3971652388572693,0.023797348141670227,0.002452087588608265,0.0,0.0,0.0009126408258453012,0.02348281443119049,0.02096397615969181,0.1252124160528183,0.12926188111305237,0.0,0.011506214737892151,0.0,0.0,0.0,0.0,0.0028223961126059294,0.0,0.0,0.0,0.0,0.0,0.0,0.0,0.0,0.0,0.0,6.138943717814982e-05,0.0,0.0,0.008354573510587215,0.20000000298023224,0.0,0.000443404569523409,0.0,0.00770072266459465,0.0302493367344141,0.04229273274540901
2,0.06666666666666667,0.03353021666407585,0.0,0.0,0.0,0.0,0.0,0.0005239658057689667,0.034221626818180084,0.0,0.0,0.0,0.0,0.0,0.0,0.0,0.0,0.02811243198812008,0.09429967403411865,0.0,0.0,3.5621971619548276e-05,0.004778008442372084,0.0026417402550578117,0.09996362775564194,0.11418308317661285,0.0,0.007611763663589954,0.09964615851640701,0.10796131938695908,0.00401196489110589,0.00508068548515439,0.0,0.017602697014808655,0.4076898992061615,0.023617764934897423,0.0023367367684841156,0.0,0.0,0.0007886762614361942,0.02926623262465,0.02636067382991314,0.12718260288238525,0.13139608502388,0.0,0.01188307162374258,0.0,0.0,0.0,0.0,0.0029068130534142256,0.0,0.0,0.0,0.0,0.0,0.0,0.0,0.0,0.0,0.0,0.0,0.0,0.0,0.0,0.20000000298023224,0.0,0.0,0.0,0.007009074557572603,0.015181914903223515,0.027121637016534805
3,0.1,0.03603677824139595,0.0,0.0,0.0,0.0,0.0,0.0005307327955961227,0.036721061915159225,0.0,0.0,0.0,0.0,0.0,0.0,0.0,0.0,0.028134021908044815,0.09144329279661179,0.0,0.0,0.010500148870050907,0.004168781917542219,0.0023922566324472427,0.10003940016031265,0.11387081444263458,0.0,0.007746975403279066,0.09324070811271667,0.10156426578760147,0.004487230908125639,0.005569768603891134,0.0,0.01897365041077137,0.39684873819351196,0.02074471488595009,0.0025318555999547243,0.0,0.0,0.0009733669576235116,0.04202381521463394,0.03830454871058464,0.13179627060890198,0.1360805183649063,0.0,0.012166769243776798,0.0,0.0,0.0,0.0,0.0031334750819951296,0.0,0.0,0.0,0.0,0.0,0.0,0.007320672273635864,0.0,0.0,0.0,0.0,0.0,0.0,0.0,0.2115655541419983,0.0,0.0,0.0,0.002576233586296439,0.0,0.032319311052560806
4,0.13333333333333333,0.038809455931186676,0.0,0.0,0.0,0.0,0.0,0.0005468185408972204,0.039509475231170654,0.0,0.0,0.0,0.0,0.0,0.0,0.0,0.0,0.028319567441940308,0.08655892312526703,0.0,0.0,0.014614861458539963,0.0036324800457805395,0.002090712310746312,0.10023383051156998,0.11355669796466827,0.0,0.007736526429653168,0.08718723058700562,0.09544600546360016,0.00483584264293313,0.005914945155382156,0.0,0.021421633660793304,0.38513895869255066,0.018428772687911987,0.0026785798836499453,0.0,0.0,0.0011403062380850315,0.050076838582754135,0.04615455120801926,0.13838832080364227,0.14273160696029663,0.0,0.012508135288953781,0.0,0.0,0.0,0.0,0.003171487944200635,0.0,0.0,0.0,0.0,0.0,0.0,0.01761549524962902,0.0,0.0,0.0,0.0,0.0,0.0,0.0,0.22734102606773376,0.0,0.0,0.0,0.000616300618276,0.0,0.06190800294280052
5,0.16666666666666666,0.04100978374481201,0.0,0.0,0.0,0.0,0.0,0.0005515482625924051,0.04168442264199257,0.0,0.0,0.0,0.0,0.0,0.0,0.0,0.0,0.02838240936398506,0.08362449705600739,0.0,0.0,0.01628246158361435,0.003447463735938072,0.001676203915849328,0.09952603280544281,0.11270546913146973,0.0,0.007667893543839455,0.08187301456928253,0.09008278697729111,0.005008898209780455,0.00608304888010025,0.0,0.02449447102844715,0.3803902566432953,0.016826217994093895,0.0026868635322898626,0.0,0.0,0.0012371413176879287,0.05390319228172302,0.05010783672332764,0.14575713872909546,0.15015196800231934,0.0,0.012794708833098412,0.0,0.0,0.0,0.0,0.003118368797004223,0.0,0.0,0.0,0.0,0.0,0.0,0.012773847207427025,0.0,0.0,0.0,0.005425740033388138,0.0,0.0,0.0,0.2334987223148346,0.0,0.0,0.0,0.0,0.0,0.06632766127586365
6,0.2,0.04510427266359329,0.0,0.0,0.0,0.0,0.0,0.0005539107369259,0.04576127603650093,0.0,0.0,0.0,0.0,0.0,0.0,0.0,0.0,0.026843711733818054,0.060122571885585785,0.0,0.0,0.0963921919465065,0.0014850329607725143,0.0,0.09678762406110764,0.1068819984793663,0.0,0.008160070516169071,0.060637760907411575,0.06851077824831009,0.007516573648899794,0.00861123763024807,0.0,0.04152706265449524,0.28891313076019287,0.006684088613837957,0.003951003309339285,0.0,0.0,0.002517928136512637,0.08693812042474747,0.08141977339982986,0.1535017192363739,0.15798960626125336,0.0,0.013155987486243248,0.0,0.0,9.286175554734655e-06,0.0,0.0035344192292541265,0.0,0.0,0.0,0.0,0.0,0.0,0.0041493806056678295,0.0,0.0,0.0,0.030721548944711685,0.0,0.0,0.0,0.2927265167236328,0.0,0.0,0.0,0.0,0.0,0.13289889693260193
7,0.23333333333333334,0.051479022949934006,0.0,0.0,0.0,0.0,0.0,0.0005596873234026134,0.05213318392634392,0.0,0.0,0.0,0.0,0.0,0.0,0.0,0.009049809537827969,0.03408676013350487,0.038243528455495834,0.0,0.0,0.19065430760383606,0.0011369617423042655,0.0,0.09042417258024216,0.09531133621931076,0.0,0.008292162790894508,0.017699366435408592,0.02436778135597706,0.01280337292701006,0.013838629238307476,0.0,0.0642613023519516,0.1776275634765625,0.0,0.005216971039772034,0.0,0.0,0.004068410489708185,0.11968781054019928,0.11271563917398453,0.16732880473136902,0.17222484946250916,0.0,0.014012018218636513,0.0,0.0,0.0001416072918800637,0.0,0.003805786371231079,0.0,0.0,0.0,0.0,0.0,0.0,0.0,0.0,0.0,0.0,0.025052256882190704,0.0,0.0,0.0,0.27425330877304077,0.0,0.0,0.0045839655213057995,0.0,0.0,0.1081342101097107
8,0.26666666666666666,0.05490671843290329,0.0,0.0,0.0,0.0,0.0,0.0006251077284105122,0.05570915713906288,0.0,0.0,0.0,0.0,0.0,0.0,0.022896215319633484,0.023765450343489647,0.04485907033085823,0.02507450059056282,0.0,0.0027010347694158554,0.27378615736961365,0.00012651903671212494,0.0,0.08719642460346222,0.08717623353004456,0.0,0.00906476378440857,0.0,0.006550215184688568,0.015197095461189747,0.016296274960041046,0.0,0.06363973766565323,0.0646389052271843,0.01620754413306713,0.008000208996236324,0.0,0.0,0.006951736751943827,0.15059664845466614,0.14147332310676575,0.1739138960838318,0.1793842315673828,0.0,0.015017453581094742,0.0,0.0,0.00020546175073832273,0.0,0.004143029451370239,0.0,0.0,0.0,0.0,0.0,0.0,0.003339812159538269,9.435356332687661e-05,0.0,0.0,0.034208230674266815,0.0,0.0,0.0,0.3044191002845764,0.0,0.0,0.0007857158780097961,0.0,0.0,0.14328190684318542
9,0.3,0.059146929532289505,0.0,0.0,0.0,0.0,0.0,0.00062545359833166,0.05991935729980469,0.0,0.0,0.0,0.0,0.0,0.0,0.030659550800919533,0.02754010260105133,0.046739328652620316,0.017546623945236206,0.0,0.05792982131242752,0.2592254877090454,0.0002238808519905433,0.0,0.09818657487630844,0.0948687344789505,0.0,0.01008125115185976,0.0012119427556172013,0.007125984877347946,0.015524439513683319,0.01668316312134266,0.0,0.06689027696847916,0.024365829303860664,0.024070817977190018,0.009257231839001179,0.0,0.0,0.008014076389372349,0.16664749383926392,0.1558765172958374,0.18167608976364136,0.18733017146587372,0.0,0.01531735248863697,0.0,0.0,0.00024851973284967244,0.0,0.004736107308417559,0.0,0.0,0.0,0.0,0.0,0.0,0.0,0.0,0.0,0.0,0.020338518545031548,0.0,0.0,0.0,0.25117599964141846,0.0,0.0,0.00451559666544199,0.0,0.0,0.08777143061161041
10,0.3333333333333333,0.06428487598896027,0.0,0.0,0.0,0.0,0.0,0.0006232965970411897,0.06501155346632004,0.0,0.0,0.0,0.0,0.0,0.0,0.029253797605633736,0.03284720331430435,0.050743360072374344,0.009846676141023636,0.0,0.15068069100379944,0.2667650878429413,0.0002867807343136519,0.0,0.10614074766635895,0.10047723352909088,0.0,0.011011396534740925,0.004787276964634657,0.010544772259891033,0.01607181876897812,0.0172903910279274,0.0,0.0677529126405716,0.011018088087439537,0.023780690506100655,0.010116067714989185,0.0,0.0,0.00875943060964346,0.17386409640312195,0.16155052185058594,0.1873171031475067,0.19324924051761627,0.0,0.01569780334830284,0.0,0.0,0.00038592430064454675,0.0,0.005152080208063126,0.0,0.0,0.0,0.0,0.0,0.0,0.0,0.0,0.0,0.0,0.011737050488591194,0.0,0.0,0.013949001207947731,0.20000000298023224,0.0,0.0021484368480741978,0.030698180198669434,0.0,0.07968664169311523,0.14197508990764618
11,0.36666666666666664,0.06719082593917847,0.0,0.0,0.0,0.0,0.0,0.000612715957686305,0.06786288321018219,0.0,0.0,0.0,0.0,0.0,0.0,0.02048773318529129,0.03743219003081322,0.055081285536289215,0.010098613798618317,0.0,0.21327196061611176,0.3038181662559509,0.0,0.0,0.11287695169448853,0.1054602786898613,0.0,0.011856649070978165,0.0003959931491408497,0.005866925697773695,0.01665583811700344,0.01792554371058941,0.0,0.0728939026594162,0.007027488201856613,0.021256066858768463,0.011010895483195782,0.0,0.0,0.009374509565532207,0.178157240152359,0.1650647521018982,0.18986400961875916,0.1957911103963852,0.0,0.01561838760972023,0.0,0.0,0.0005182265304028988,0.0,0.005351320840418339,0.0,0.0,0.0,0.0,0.0,0.0,0.0,0.0,0.0,0.0,0.021569183096289635,0.0,0.0,0.0017068726010620594,0.20000000298023224,0.0,0.0022327809128910303,0.05914071947336197,0.0,0.07365679740905762,0.15876007080078125
12,0.4,0.06702008843421936,0.0,0.0,0.0,0.0,0.0,0.0006380552076734602,0.06774695217609406,0.0,0.0,0.0,0.0,0.0,0.0,0.021121850237250328,0.032233934849500656,0.05248970538377762,0.04694722220301628,0.0,0.20182384550571442,0.3198593854904175,0.0,0.00039961375296115875,0.11579487472772598,0.10837119817733765,0.0,0.011902106925845146,0.0,0.00544515298679471,0.01725890301167965,0.018572578206658363,0.0,0.07905712723731995,0.008115301840007305,0.027603739872574806,0.012011264450848103,0.0,0.0,0.009944112040102482,0.17216596007347107,0.1597573161125183,0.18926669657230377,0.19491472840309143,0.0,0.015273221768438816,0.0,0.0,0.0005472831544466317,0.0,0.0053050220012664795,0.0,0.0,0.0,0.0,0.0,0.0,0.027506839483976364,0.0003865845501422882,0.0,0.0,0.08368904888629913,0.0,0.0,0.0,0.43594634532928467,0.0,0.0,0.0,0.0,0.0,0.35966160893440247
13,0.43333333333333335,0.0679570883512497,0.0,0.0,0.0,0.0,0.0,0.0006964326603338122,0.06879643350839615,0.0,0.0,0.0,0.0,0.0,0.0,0.01155560277402401,0.021061915904283524,0.04304496571421623,0.0993845984339714,0.0,0.22619616985321045,0.3606798052787781,0.0,0.0002342505904380232,0.09050338715314865,0.0870693102478981,0.0,0.010871312581002712,0.0,0.006663091480731964,0.016512682661414146,0.017833387479186058,0.0,0.07786311209201813,0.04899858683347702,0.017674416303634644,0.011295568197965622,0.0,0.0,0.009036273695528507,0.13600803911685944,0.12567059695720673,0.18664909899234772,0.1921655535697937,0.0,0.015294792130589485,0.0,0.0,0.0006557690794579685,0.0,0.004673148971050978,0.0,0.0,0.0,0.0,0.0,0.0,0.06463025510311127,0.0,0.0,0.0,0.1266220062971115,0.0,0.0,0.0,0.6216791868209839,0.0011192078236490488,0.0,0.0,0.0,0.0,0.6008108854293823
14,0.4666666666666667,0.07053713500499725,0.0,0.0,0.0,0.0,0.0,0.0007105330005288124,0.0713450089097023,0.0,0.0,0.0,0.0,0.0,0.0,0.011193457990884781,0.010577179491519928,0.0308565441519022,0.1579432487487793,0.0,0.18671539425849915,0.3997659981250763,3.042144953724346e-06,0.0,0.0546136200428009,0.052673496305942535,0.013529345393180847,0.022563153877854347,0.0,0.007047051098197699,0.015731481835246086,0.016935180872678757,0.0,0.0755811482667923,0.1275293380022049,0.0009781596018001437,0.010068151168525219,0.0,0.0,0.008171232417225838,0.08990925550460815,0.08228134363889694,0.1859026402235031,0.1915198415517807,0.0,0.015585288405418396,0.0,0.0,0.0006480867159552872,0.0,0.0038765163626521826,0.0,0.0,0.0,0.0,0.0,0.0,0.13573306798934937,0.0,0.0,0.0,0.1063300147652626,0.0,0.0,0.0,0.6991433501243591,0.0022303122095763683,0.0,0.0,0.0,0.0,0.7279055118560791
15,0.5,0.07282315194606781,0.0,0.0,0.0,0.0,0.0,0.0006801801500841975,0.07349098473787308,0.0,0.0,0.0,0.0,0.0,0.0,0.002164128702133894,0.009034618735313416,0.030771562829613686,0.19040687382221222,0.0,0.14793696999549866,0.44341638684272766,0.00026367959799245,0.0,0.024875158444046974,0.023150455206632614,0.03740536421537399,0.04598691314458847,0.0,0.0068777212873101234,0.014700399711728096,0.015853889286518097,0.0,0.07895152270793915,0.17391885817050934,0.0,0.010245610028505325,0.0,0.0,0.008275734260678291,0.06771336495876312,0.06102725490927696,0.18925116956233978,0.19489502906799316,0.0,0.015866365283727646,0.0,0.0,0.0006347993621602654,0.0,0.003728648414835334,0.0,0.0,0.0,0.0,0.0,0.0,0.10454441606998444,0.0,0.0,0.0,0.1355961263179779,0.0,0.0,0.0,0.7508492469787598,0.002486226614564657,0.0,0.002182416617870331,0.0,0.0,0.7392095327377319
16,0.5333333333333333,0.07133182883262634,0.0,0.0,0.0,0.0,0.0,0.0006674716714769602,0.07191507518291473,0.0,0.0,0.0,0.0,0.0,0.0,0.0,0.0,0.022145956754684448,0.1686968207359314,0.0,0.03075731173157692,0.631255030632019,0.0011555399978533387,0.00013330466754268855,0.0,0.001018565148115158,0.052961692214012146,0.06072952598333359,0.0,0.008065919391810894,0.007244429085403681,0.008328844793140888,0.0,0.07166530936956406,0.2626880407333374,0.0,0.008976995944976807,0.0,0.0,0.007394033018499613,0.03359111025929451,0.02767038904130459,0.18419358134269714,0.189005509018898,0.0,0.014789655804634094,0.0,0.0,0.0005545389140024781,0.0,0.0030682391952723265,0.0,0.0,0.0,0.0,0.0,0.0,0.030783861875534058,0.0,0.0,0.0,0.14475208520889282,0.0,0.0,0.0,0.6391098499298096,0.000886088702827692,0.0,0.07449328899383545,0.0,0.0,0.5541453957557678
17,0.5666666666666667,0.06729919463396072,0.0,0.0,0.0,0.0,0.0,0.0006362684653140604,0.06784552335739136,0.0,0.0,0.0,0.0,0.0,0.0,0.0,0.0,0.03034643642604351,0.1514928936958313,0.015721922740340233,0.0,0.5826734304428101,0.01396847702562809,0.010700684040784836,0.0,0.005343406926840544,0.042465049773454666,0.048914603888988495,0.0,0.008312832564115524,0.0014095075894147158,0.0023410588037222624,0.0,0.03955492004752159,0.4723590910434723,0.0,0.004732490051537752,0.0,0.0,0.003774687647819519,0.0032049219589680433,0.0,0.17779015004634857,0.18215177953243256,0.0,0.014193207956850529,0.0,0.0,0.0002634523843880743,0.0,0.002550720702856779,0.0,0.0,0.0,0.0,0.0,0.0,0.0,0.0,0.0,0.0,0.06746839731931686,0.0,0.0,0.0,0.33431476354599,0.0,0.0009536017896607518,0.15929937362670898,0.0,0.0,0.20039258897304535
18,0.6,0.06467027217149734,0.0,0.0,0.0,0.0,0.0,0.0006229378050193191,0.06516434997320175,0.0,0.0,0.0,0.0,0.0,0.0,0.0,0.0,0.03735008463263512,0.11831257492303848,0.02672436647117138,0.0,0.48636594414711,0.020205209031701088,0.01711042784154415,0.0,0.011283631436526775,0.027924299240112305,0.03394492715597153,0.0,0.00910987239331007,0.0,0.0009365839068777859,0.0,0.034161701798439026,0.5629629492759705,0.0,0.0020350695122033358,0.0,0.0,0.0011566038010641932,0.0,0.0,0.17400723695755005,0.1782335489988327,0.0,0.013962405733764172,0.0,0.0,0.00036011013435199857,0.0,0.0023001700174063444,0.0,0.0,0.0,0.0,0.0,0.0,0.0,0.0,0.0,0.0,0.05119452252984047,0.0,0.0,0.0,0.3211025297641754,0.0,0.0001009567640721798,0.1129010021686554,0.0,0.0,0.16175201535224915
19,0.6333333333333333,0.06308594346046448,0.0,0.0,0.0,0.0,0.0,0.0006257019122131169,0.06353145092725754,0.0,0.0,0.0,0.0,0.0,0.0,0.0,0.0,0.04482527822256088,0.1087484061717987,0.04025600478053093,0.0,0.4376170337200165,0.022493306547403336,0.020481739193201065,0.0,0.013759043999016285,0.02565273642539978,0.03200535848736763,0.0,0.009453220292925835,0.0,0.0010096229379996657,0.0,0.05350438877940178,0.5400549173355103,0.0,0.0018229413544759154,0.0,0.0,0.0007763590547256172,0.0,0.0,0.17563988268375397,0.17970304191112518,0.0036833733320236206,0.013930242508649826,0.0,0.0,0.0003558144089765847,0.0,0.002805278403684497,0.0,0.0,0.0,0.0,0.0,0.0,0.002479732036590576,0.002291574142873287,0.0,0.0,0.09221513569355011,0.0,0.0,0.0,0.48409926891326904,0.00024133542319759727,0.0,0.026640456169843674,0.0,0.0,0.32630684971809387
20,0.6666666666666666,0.06650387495756149,0.0,0.0,0.0,0.0,0.0,0.0006416012765839696,0.06703366339206696,0.0,0.0,0.0,0.0,0.0,0.0,0.0,0.0,0.04851146787405014,0.15587712824344635,0.04759368672966957,0.0,0.1980721801519394,0.01932542212307453,0.015522685833275318,0.01041323971003294,0.025644173845648766,0.024284012615680695,0.031497739255428314,0.004434965550899506,0.014214932918548584,0.0007988829165697098,0.002023277571424842,0.0,0.09017961472272873,0.39110010862350464,0.0,0.0039319987408816814,0.0,0.0,0.002428404288366437,0.0025313233491033316,0.0,0.1893833726644516,0.19344119727611542,0.0,0.014477694407105446,0.0,0.0,0.00019743382290471345,0.0,0.00438390439376235,0.0,0.0,0.0,0.0,0.0,0.0,0.20191852748394012,0.0018547773361206055,0.0,0.0,0.040965382009744644,0.0,0.0,0.0,0.6881405115127563,0.0027889683842658997,0.0,0.0,0.0,0.0,0.7175265550613403
21,0.7,0.07588198035955429,0.0,0.0,0.0,0.0,0.0,0.0007368342485278845,0.07658885419368744,0.0,0.0,0.0,0.0,0.0,0.0,0.0,0.0,0.045341890305280685,0.26786667108535767,0.021991578862071037,0.0,0.16573846340179443,0.009726683609187603,0.0037375495303422213,0.02503613941371441,0.036255933344364166,0.062285177409648895,0.06963769346475601,0.0,0.00807926245033741,0.006261362228542566,0.007442076690495014,0.0,0.10898179560899734,0.1617078334093094,0.0,0.00580653827637434,0.0,0.0,0.0032676146365702152,0.004815743304789066,0.0,0.19909493625164032,0.2038065493106842,0.0,0.015757234767079353,0.0,0.0,0.0002896178630180657,0.0,0.0055461726151406765,0.0,0.0,0.0,0.0,0.0,0.0,0.190704345703125,0.0,0.0,0.0,0.08775479346513748,0.0,0.0,0.0,0.8547291159629822,0.00430331751704216,0.0,0.0,0.0,0.0,0.8611974120140076
22,0.7333333333333333,0.08048711717128754,0.0,0.0,0.0,0.0,0.0,0.0007363519980572164,0.08132825791835785,0.0,0.0,0.0,0.0,0.0,0.0,0.03272537142038345,0.0,0.052731867879629135,0.3551686406135559,0.0,0.0,0.043028075248003006,0.006229342892765999,0.0,0.08489938080310822,0.09738274663686752,0.0666317269206047,0.0725187212228775,0.0,0.007906464859843254,0.01663116179406643,0.01767795719206333,0.0,0.090487539768219,0.038875896483659744,0.0,0.006019005086272955,0.0,0.0,0.0033768359571695328,0.012680490501224995,0.009465797804296017,0.2010791301727295,0.20607005059719086,0.0,0.016149263828992844,0.0,0.0,0.0,0.0,0.004792168736457825,0.0,0.0,0.0,0.0,0.0,0.0,0.11617543548345566,0.0,0.0,0.0,0.08722763508558273,0.0,0.0,0.0,0.7131412625312805,0.002904292894527316,0.0,0.03307979181408882,0.0,0.0,0.6467044353485107
23,0.7666666666666667,0.08651400357484818,0.0,0.0,0.0,0.0,0.0,0.0007279060664586723,0.08737962692975998,0.0,0.0,0.0,0.0,0.0,0.0,0.029906049370765686,0.0,0.05071396380662918,0.33822664618492126,0.0,0.0,0.0,0.005119399167597294,0.0,0.11781761795282364,0.1263214647769928,0.04006288945674896,0.04559095948934555,0.016496313735842705,0.022908056154847145,0.0249664094299078,0.02591373398900032,0.0,0.08972909301519394,0.0,0.013177198357880116,0.006279831286519766,0.0,0.0,0.004079371690750122,0.06666677445173264,0.0643262267112732,0.20857903361320496,0.21371108293533325,0.0,0.01632571965456009,0.0,0.0,0.0,0.0,0.0040914216078817844,0.0,0.0,0.0,0.0,0.0,0.0,0.0997600257396698,0.0,0.0,0.0,0.10520239174365997,0.0,0.0,0.0,0.711722731590271,0.0024712879676371813,0.0,0.033523835241794586,0.0,0.0,0.6568098664283752
24,0.8,0.09068004041910172,0.0,0.0,0.0,0.0,0.0,0.0007173632620833814,0.09155842661857605,0.0,0.0,0.0,0.0,0.0,0.0,0.007813611999154091,0.0,0.046419646590948105,0.2674899697303772,0.0,0.0,0.0,0.004011036362498999,0.0,0.12902574241161346,0.13515321910381317,0.0297622662037611,0.03526658937335014,0.042663611471652985,0.048815514892339706,0.024926282465457916,0.025860268622636795,0.0,0.0971389040350914,0.0,0.036384474486112595,0.006627123802900314,0.0,0.0,0.004963572137057781,0.1061573401093483,0.10345631092786789,0.21636249125003815,0.22160199284553528,0.0,0.016496850177645683,0.0,0.0,0.0,0.0,0.0037073816638439894,0.0,0.0,0.0,0.0,0.0,0.0,0.09671930968761444,0.0,0.0,0.0,0.14256975054740906,0.0,0.0,0.0,0.7799727320671082,0.002275943523272872,0.0,0.03824770450592041,0.0,0.0,0.7596600651741028
25,0.8333333333333334,0.09146051108837128,0.0,0.0,0.0,0.0,0.0,0.0007082045776769519,0.09231247007846832,0.0,0.0,0.0,0.0,0.0,0.0,0.0,0.0,0.04254097864031792,0.18720777332782745,0.0,0.0,0.0,0.00210576131939888,0.0,0.1213173046708107,0.1254778355360031,0.026188645511865616,0.03224174678325653,0.06267138570547104,0.06915659457445145,0.020353900268673897,0.021391455084085464,0.0,0.10519268363714218,0.0,0.04422017186880112,0.007694596890360117,0.0,0.0,0.006397889461368322,0.1365208476781845,0.1316249668598175,0.21837717294692993,0.223628431558609,0.0,0.01639772765338421,0.0,0.0,0.0,0.0,0.003949376288801432,0.0,0.0,0.0,0.0,0.0,0.0,0.10310813784599304,0.0,0.0,0.0,0.15442247688770294,0.0,0.0,0.0,0.808996319770813,0.0023464993573725224,0.0,0.015405282378196716,0.0,0.0,0.817077100276947
26,0.8666666666666667,0.08967739343643188,0.0,0.0,0.0,0.0,0.0,0.0007393895648419857,0.09057816118001938,0.0,0.0,0.0,0.0,0.0,0.0,0.0,0.0,0.03873233124613762,0.1346115618944168,0.0,0.0,0.0,0.000500424939673394,0.0,0.12103446573019028,0.1250077188014984,0.007961628958582878,0.014852993190288544,0.06542041897773743,0.07296327501535416,0.014054778032004833,0.015210737474262714,0.0,0.09556461870670319,0.06679671257734299,0.045151013880968094,0.00804513692855835,0.0,0.0,0.006833083927631378,0.13289016485214233,0.1263211965560913,0.2156226933002472,0.2206345647573471,0.0,0.015973065048456192,0.0,0.0,0.00015421300486195832,0.0,0.004307837691158056,0.0,0.0,0.0,0.0,0.0,0.0,0.08673055469989777,0.0,0.0,0.0,0.16510316729545593,0.0,0.0,0.0,0.7898019552230835,0.0019096467876806855,0.0,0.0019030794501304626,0.0,0.0,0.8066392540931702
27,0.9,0.08831994235515594,0.0,0.0,0.0,0.0,0.0,0.0007383080082945526,0.08923430740833282,0.0,0.0,0.0,0.0,0.0,0.0,0.00021152124099899083,0.0,0.03288114070892334,0.08175373822450638,0.0,0.0,0.06764684617519379,0.0,0.0009012410300783813,0.12747716903686523,0.12393935769796371,0.0,0.008637063205242157,0.045419707894325256,0.051428843289613724,0.01381532009691,0.014986082911491394,0.0,0.08506718277931213,0.08461602032184601,0.0527583472430706,0.010237759910523891,0.0,0.0,0.00894726812839508,0.16397623717784882,0.15488974750041962,0.21155984699726105,0.21628215909004211,0.00031147871050052345,0.015406845137476921,0.0,0.0,0.0004987073480151594,0.0,0.00477210246026516,0.0,0.0,0.0,0.0,0.0,0.0,0.0,0.0,0.0,0.0,0.1294616162776947,0.0,0.0,0.0,0.4952848553657532,0.0,0.0,0.005116145592182875,0.0,0.0,0.43494728207588196
28,0.9333333333333333,0.08866975456476212,0.0,0.0,0.0,0.0,0.0,0.0007220502593554556,0.0896136462688446,0.0,0.0,0.0,0.0,0.0,0.0,0.004824991337954998,0.0008372105658054352,0.03241266310214996,0.07385208457708359,0.0,0.0,0.14472831785678864,0.0,0.0029208105988800526,0.13138990104198456,0.12457229197025299,0.0,0.00966556929051876,0.04015343636274338,0.04577526077628136,0.015160379000008106,0.016386408358812332,0.0,0.08481627702713013,0.0649038627743721,0.06364644318819046,0.01223689690232277,0.0,0.0,0.010713659226894379,0.17871792614459991,0.16838383674621582,0.20973576605319977,0.2143562138080597,0.004533497150987387,0.01514955423772335,0.0,0.0,0.0005622328026220202,0.0,0.004977270495146513,0.0,0.0,0.0,0.0,0.0,0.0,0.0,0.0,0.0,0.0,0.08110213279724121,0.0,0.0,0.0,0.31527039408683777,0.0,0.0,0.044462911784648895,0.0,0.0,0.2580984830856323
29,0.9666666666666667,0.08825153857469559,0.0,0.0,0.0,0.0,0.0,0.0006979957688599825,0.08918219804763794,0.0,0.0,0.0,0.0,0.0,0.0,0.009318002499639988,0.0,0.030678046867251396,0.09517262130975723,0.0,0.0,0.11310578137636185,0.0,0.0037759020924568176,0.11565335839986801,0.10704182833433151,0.0,0.009336360730230808,0.04549987241625786,0.0502811074256897,0.015241446904838085,0.016409724950790405,0.0,0.08004140108823776,0.0717904269695282,0.057542502880096436,0.012310170568525791,0.0,0.0,0.010420265607535839,0.16159994900226593,0.15274952352046967,0.21175545454025269,0.21627014875411987,0.0013735168613493443,0.015059818513691425,0.0,0.0,0.0008036877843551338,0.0,0.004726018290966749,0.0,0.0,0.0,0.0,0.0,0.0,0.0,0.0,0.0,0.0,0.13513393700122833,0.0,0.0,0.0,0.5186877250671387,0.0,0.0,0.008499357849359512,0.0,0.0,0.4511113464832306
30,1.0,0.0870489627122879,0.0,0.0,0.0,0.0,0.0,0.000687902036588639,0.08794671297073364,0.0,0.0,0.0,0.0,0.0,0.0,0.02547529898583889,0.0,0.03050806000828743,0.13061560690402985,0.0,0.0,0.07734402269124985,0.0,0.0035531986504793167,0.10041072219610214,0.09138678759336472,0.0,0.008714801631867886,0.030721992254257202,0.03485387563705444,0.016654042527079582,0.01774352602660656,0.0,0.07241307199001312,0.08234627544879913,0.04904640093445778,0.01177948247641325,0.0,0.0,0.009549638256430626,0.12742237746715546,0.12046680599451065,0.21114735305309296,0.2155832201242447,0.0,0.014956752769649029,0.0,0.0,0.0009232463198713958,0.0,0.004473901353776455,0.0,0.0,0.0,0.0,0.0,0.0,0.02150537073612213,0.00047872308641672134,0.0,0.0,0.1447446346282959,0.0,0.0,0.0,0.6032548546791077,0.0002275195438414812,0.0,0.027282100170850754,0.0,0.0,0.5461618900299072
31,1.0333333333333334,0.08678946644067764,0.0,0.0,0.0,0.0,0.0,0.000666294654365629,0.0876527652144432,0.0,0.0,0.0,0.0,0.0,0.0,0.011993286199867725,0.0,0.03393115475773811,0.17412717640399933,0.0,0.0,0.008267645724117756,0.0,0.002532925456762314,0.08875493705272675,0.08352401107549667,0.0,0.007227958645671606,0.04651821777224541,0.05078030377626419,0.016642233356833458,0.017624614760279655,0.0,0.06777563691139221,0.11045925319194794,0.0351426787674427,0.009726987220346928,0.0,0.0,0.007328121457248926,0.10592380911111832,0.10145407170057297,0.21207965910434723,0.21630549430847168,0.0021430684719234705,0.014651766046881676,0.0,0.0,0.0009411147329956293,0.0,0.003877221141010523,0.0,0.0,0.0,0.0,0.0,0.0,0.0783328264951706,0.0,0.0,0.0,0.133650541305542,0.0,0.0,0.0,0.705574631690979,0.0016867510275915265,0.0,0.006803154945373535,0.0,0.0,0.6816178560256958
32,1.0666666666666667,0.0853361040353775,0.0,0.0,0.0,0.0,0.0,0.0006868343916721642,0.08622116595506668,0.0,0.0,0.0,0.0,0.0,0.0,0.0,0.0,0.034550853073596954,0.16794408857822418,0.0,0.0,0.0,0.005914860405027866,0.0074961232021451,0.08244233578443527,0.08277404308319092,0.0,0.0051972586661577225,0.08664951473474503,0.0914481058716774,0.02042664773762226,0.021269526332616806,0.0,0.07608518749475479,0.10177424550056458,0.06101507693529129,0.00625955406576395,0.0,0.0,0.004018623381853104,0.04848553612828255,0.0474042072892189,0.2119867503643036,0.2158784568309784,0.0,0.01421099528670311,0.0,0.0,0.00043203888344578445,0.0,0.0031289474572986364,0.0,0.0,0.0,0.0,0.0,0.0,0.03235035389661789,0.0004401109181344509,0.0,0.0,0.11830957233905792,0.0,0.0,0.0,0.5788619518280029,0.000532451318576932,0.0,0.034136220812797546,0.0,0.0,0.4997558295726776
33,1.1,0.08508563786745071,0.0,0.0,0.0,0.0,0.0,0.0006957235164009035,0.08595740050077438,0.0,0.0,0.0,0.0,0.0,0.0,0.0,0.0,0.03236687555909157,0.17370092868804932,0.0,0.0,0.0,0.01274374034255743,0.013287684880197048,0.0982561931014061,0.10208966583013535,0.0,0.005468294024467468,0.09350559860467911,0.09855407476425171,0.019978923723101616,0.020825138315558434,0.023508142679929733,0.0633763000369072,0.28102609515190125,0.0726713165640831,0.004456998780369759,0.0,0.0,0.0024177152663469315,0.0070817554369568825,0.0066721453331410885,0.2129225730895996,0.2167092114686966,0.0,0.014025552198290825,0.0,0.0,0.0,0.0,0.003006337909027934,0.0,0.0,0.0,0.0,0.0,0.0,0.0067202746868133545,0.00012381048873066902,0.0,0.0,0.1032457947731018,0.0,0.0,0.0,0.4884805679321289,0.0,0.0,0.04862488806247711,0.0,0.0,0.3761647641658783
34,1.1333333333333333,0.07986363768577576,0.0,0.0,0.0,0.0,0.0,0.0006953232223168015,0.08065646141767502,0.0,0.0,0.0,0.0,0.0,0.0,0.0,0.0,0.02955247461795807,0.14900308847427368,0.0,0.0,0.0,0.018303513526916504,0.01637093909084797,0.09682324528694153,0.10902763903141022,0.0,0.004615401849150658,0.11750807613134384,0.1239047572016716,0.019081315025687218,0.01990816369652748,0.042263906449079514,0.0414029061794281,0.505271852016449,0.044419076293706894,0.00031160967773757875,0.0,0.0,0.0,0.0,0.0,0.20543770492076874,0.20878490805625916,0.00031529320403933525,0.0131678506731987,0.0,0.0,0.0,0.0,0.0026832250878214836,0.0,0.0,0.0,0.0,0.0,0.0,0.062739796936512,9.019672870635986e-05,0.0,0.0,0.07756668329238892,0.0,0.0,0.0,0.538618803024292,0.0012220479547977448,0.0,0.0,0.0,0.0,0.46267449855804443
35,1.1666666666666667,0.08062086254358292,0.0,0.0,0.0,0.0,0.0,0.0006815320230089128,0.0813838317990303,0.0,0.0,0.0,0.0,0.0,0.0,0.0,0.0,0.029513243585824966,0.1296406239271164,0.0,0.0,0.0,0.01891942508518696,0.016390737146139145,0.10027714818716049,0.11467500776052475,0.0,0.0049018897116184235,0.12552426755428314,0.13269463181495667,0.01683993823826313,0.017710525542497635,0.03718879818916321,0.026315562427043915,0.5511977076530457,0.05555105209350586,0.0,0.0,0.0,0.0,0.0,0.0,0.2064824402332306,0.20997057855129242,0.000514843559358269,0.013476352207362652,0.0,0.0,0.0,0.0,0.0026925632264465094,0.0,0.0,0.0,0.0,0.0,0.0,0.10861949622631073,0.0006163120269775391,0.0,0.0,0.040514376014471054,0.0,0.0,0.0,0.5064270496368408,0.00133557990193367,0.0,0.0,0.0,0.0,0.46049654483795166
36,1.2,0.08005961030721664,0.0,0.0,0.0,0.0,0.0,0.0006846918258816004,0.08083922415971756,0.0,0.0,0.0,0.0,0.0,0.0,0.0,0.0,0.029366526752710342,0.09019086509943008,0.0,0.0,0.0,0.01621025614440441,0.012893864884972572,0.10890994220972061,0.12314820289611816,0.0,0.0059900409542024136,0.1178688332438469,0.1254785805940628,0.012709096074104309,0.013623716309666634,0.0,0.004411239642649889,0.5168957114219666,0.07094092667102814,9.283141844207421e-05,0.0,0.0,0.0,0.0010506326798349619,0.0,0.206183522939682,0.2099485844373703,5.1128728955518454e-05,0.013865627348423004,0.0,0.0,0.0,0.0,0.002930286806076765,0.0,0.0,0.0,0.0,0.0,0.0,0.07402532547712326,0.0007709935307502747,0.0,0.0,0.039789360016584396,0.0,0.0,0.0,0.4369235038757324,0.0007858574390411377,0.0,0.0,0.0,0.0,0.35547611117362976
37,1.2333333333333334,0.07964956015348434,0.0,0.0,0.0,0.0,0.0,0.0006922568427398801,0.08042284846305847,0.0,0.0,0.0,0.0,0.0,0.0,0.0,0.0,0.0284712016582489,0.09349092841148376,0.0,0.0,0.0,0.01118710357695818,0.007135292049497366,0.12752963602542877,0.14219950139522552,0.0,0.006950916722416878,0.14112165570259094,0.1490442007780075,0.006654177792370319,0.007655033376067877,0.0,0.0,0.5527548789978027,0.07642544060945511,0.0004855073057115078,0.0,0.0,0.0,0.0031411107629537582,0.0,0.20622408390045166,0.2101351022720337,0.0021853717043995857,0.01404001284390688,0.0,0.0,0.0,0.0,0.003518901765346527,0.0,0.0,0.0,0.0,0.0,0.0,0.05572478100657463,0.0013854727149009705,0.0,0.0,0.018288785591721535,0.0,0.0,0.0,0.33717358112335205,7.738359272480011e-05,0.0,0.0,0.0,0.0,0.23017039895057678
38,1.2666666666666666,0.07901480048894882,0.0,0.0,0.0,0.0,0.0,0.0006847953773103654,0.07976024597883224,0.0,0.0,0.0,0.0,0.0,0.0,0.0,0.0,0.028439505025744438,0.09426334500312805,0.0,0.0,0.0,0.007677081972360611,0.003506312845274806,0.1366947889328003,0.15109668672084808,0.0,0.0075487978756427765,0.14363738894462585,0.1516069918870926,0.0034930964466184378,0.004533634055405855,0.0,0.0,0.5580169558525085,0.07607993483543396,0.00098293402697891,0.0,0.0,0.0,0.004212485160678625,0.0,0.20556853711605072,0.20937851071357727,0.004072468727827072,0.013861927203834057,0.0,0.0,0.0,0.0,0.0037851673550903797,0.0,0.0,0.0,0.0,0.0,0.0,0.02598085254430771,0.00023354892618954182,0.0,0.0,0.01303710974752903,0.0,0.0,0.0,0.2672107517719269,0.0,0.0,0.0,0.0,0.0,0.12617692351341248
39,1.3,0.07858900725841522,0.0,0.0,0.0,0.0,0.0,0.0006337694940157235,0.07920651882886887,0.0,0.0,0.0,0.0,0.0,0.0,0.0,0.0,0.028863681480288506,0.10013970732688904,0.0,0.0,0.0,0.007694175001233816,0.0037644379772245884,0.13659429550170898,0.14976203441619873,0.0,0.007736163679510355,0.12085135281085968,0.12862086296081543,0.004191211424767971,0.005222196225076914,0.0,0.0,0.5363389253616333,0.05935458093881607,0.0013636749936267734,0.0,0.0,8.116853859974071e-05,0.004045598208904266,0.0,0.20356111228466034,0.20730306208133698,0.0023142520803958178,0.013659544289112091,0.0,0.0,0.0,0.0,0.0038181624840945005,0.0,0.0,0.0,0.0,0.0,0.0,0.018299948424100876,0.00017860758816823363,0.0,0.0,0.0026682517491281033,0.0,0.0,0.0,0.2324027568101883,0.0,0.0,0.0,0.0,0.0,0.06781607121229172
40,1.3333333333333333,0.07915303856134415,0.0,0.0,0.0,0.0,0.0,0.0006113710114732385,0.07968827337026596,0.0,0.0,0.0,0.0,0.0,0.0,0.0,0.0,0.02833646908402443,0.1029893234372139,0.0,0.0,0.0,0.009179403074085712,0.005420155357569456,0.1331721842288971,0.14546018838882446,0.0,0.007726984564214945,0.10762963443994522,0.11525873094797134,0.00529122119769454,0.006307282950729132,0.0,0.0,0.5235493183135986,0.0481647290289402,0.0015271498123183846,0.0,0.0,0.00022813370742369443,0.003337874310091138,0.0,0.20419949293136597,0.20781806111335754,0.0034609194844961166,0.013452330604195595,0.0,0.0,0.0,0.0,0.003671037731692195,0.0,0.0,0.0,0.0,0.0,0.0,0.013261539861559868,0.0005206160130910575,0.0,0.0,0.0,0.0,0.0,0.0,0.22316241264343262,0.0,0.0,0.0,0.007850837893784046,0.0,0.04462781175971031
41,1.3666666666666667,0.07950903475284576,0.0,0.0,0.0,0.0,0.0,0.0006016219267621636,0.0800405889749527,0.0,0.0,0.0,0.0,0.0,0.0,0.0,0.0,0.028394578024744987,0.10382129997015,0.0,0.0,0.0,0.009474304504692554,0.0057190172374248505,0.12906233966350555,0.14097356796264648,0.0,0.007645792327821255,0.10052216053009033,0.10803510248661041,0.006095645483583212,0.007101027760654688,0.0,0.003146355040371418,0.5114061832427979,0.04563039168715477,0.0015764831332489848,0.0,0.0,0.0002630066592246294,0.0031611062586307526,0.0,0.2034982591867447,0.20720066130161285,0.0035119422245770693,0.013606365770101547,0.0,0.0,0.0,0.0,0.003705518087372184,0.0,0.0,0.0,0.0,0.0,0.0,0.01162976585328579,0.0006084991618990898,0.0,0.0,0.0,0.0,0.0,0.0,0.22583995759487152,5.756039172410965e-06,0.0,0.0,0.007780162617564201,0.0,0.043140459805727005
